products,pre_description,food,post_description
Organic Egg Whites,Organic,Egg Whites,
Michigan Organic Kale,Michigan Organic,Kale,
Garlic Powder,,Garlic Powder,
Coconut Butter,,Coconut Butter,
Natural Sweetener,,natural sweetener,
Carrots,,carrots,
Original Unflavored Gelatine Mix,original unflavored,gelatine mix,
All Natural No Stir Creamy Almond Butter,All Natural No Stir Creamy,Almond Butter,
Classic Blend Cole Slaw,Classic Blend,Cole Slaw,
Total 2% with Strawberry Lowfat Greek Strained Yogurt,Total 2% with Strawberry Lowfat Greek Strained,Yogurt,
Unsweetened Almondmilk,Unsweetened,Almondmilk,
Lemons,,Lemons,
Organic Baby Spinach,Organic Baby,Spinach,
Unsweetened Chocolate Almond Breeze Almond Milk,Unsweetened Chocolate,Almond Milk,
Organic Ginger Root,Organic,Ginger Root,
Air Chilled Organic Boneless Skinless Chicken Breasts,Air Chilled Organic Boneless Skinless,Chicken,Breasts
Organic Ezekiel 49 Bread Cinnamon Raisin,Organic Ezekiel 49,Bread,Cinnamon Raisin
Plain Pre-Sliced Bagels,Plain Pre-Sliced,Bagels,
Kellogg's Nutri-Grain Apple Cinnamon Cereal,Kellogg's Nutri-Grain Apple Cinnamon,Cereal,
Nutri-Grain Soft Baked Strawberry Cereal Breakfast Bars,Nutri-Grain Soft Baked Strawberry Cereal,Breakfast Bars,
Kellogg's Nutri-Grain Blueberry Cereal,Kellogg's Nutri-Grain Blueberry,Cereal,
Bag of Organic Bananas,Bag of Organic,Bananas,
"Just Crisp, Parmesan",,Parmesan,
Fresh Fruit Salad,Fresh,Fruit Salad,
Organic Raspberries,Organic,Raspberries,
2% Reduced Fat Milk,2% Reduced Fat,Milk,
"Matzos, Thin, Tea","Matzos, Thin",Tea,
Boneless Skinless Chicken Breast Fillets,Boneless Skinless,Chicken,Breast Fillets
Mini Original Babybel Cheese,Mini Original Babybel,Cheese,
Macaroni And Cheese,,Macaroni And Cheese,
Clementines,,Clementines,
Artichokes,,Artichokes,
Apricot Preserves,,Apricot Preserves,
American Slices Cheese,American Slices ,Cheese,
Organic Hass Avocado,Organic Hass,Avocado,
Spaghetti Pasta,Pasta,Spaghetti ,
Meyer Lemon,,Lemon,
Bag of Organic Lemons,bag of Organic,Lemons,
Pineapple Chunks,,Pineapple,
Original Hawaiian Sweet Rolls,Original Hawaiian,Sweet Rolls,
"Organic Red Radish, Bunch",Organic Red ,Radish,bunch
Whole White Mushrooms,Whole White,Mushrooms,
Baby Spinach,Baby ,Spinach,
Low Fat Kefir Cultured Milk Smoothie Lowfat Probiotic Blueberry,Low Fat,Kefir ,Cultured Milk Smoothie Lowfat Probiotic Blueberry
Natural Applesauce Snack & Go Pouches,Natural,Applesauce,Snack & Go Pouches
Green Beans,,Green Beans,
Extra Virgin Olive Oil,Extra Virgin Olive Oil,Olive Oil,
"French Baguettes, Take & Bake, Twin Pack",,French Baguettes,"Take & Bake, Twin Pack"
Organic Bread with 21 Whole Grains,Organic with 21 Whole Grains,Bread ,
Vanilla Almond Breeze Almond Milk,Vanilla,Almond Milk,
Natural Sharp Cheddar Sliced Cheese,Natural Sharp Cheddar Sliced,Cheese,
Fruit & Nutty Almonds Raisins Cranberries Pecans Granola,Fruit & Nutty Almonds Raisins Cranberries Pecans,Granola,
Banana,,Banana,
Baby Portabella Mushrooms,Baby Portabella,Mushrooms,
Organic Cilantro,Organic,Cilantro,
Organic Avocado,Organic,Avocado,
Yellow Onions,Yellow,Onions,
"Parsley, Italian (Flat), New England Grown",,Parsley,", Italian (Flat), New England Grown"
Organic Strawberries,Organic,Strawberries,
Organic Black Beans,Organic Black ,Beans,
Organic Half & Half,Organic,Half & Half,
Boneless Beef Sirloin Steak,Boneless Beef Sirloin,Steak,
"Organic Butterhead (Boston, Butter, Bibb) Lettuce","Organic Butterhead (Boston, Butter, Bibb)",Lettuce,
Organic Sunchoke,Organic,Sunchoke,
Teriyaki & Pineapple Chicken Meatballs,Teriyaki & Pineapple,Chicken,Meatballs
Mango Pineapple Salsa,Mango Pineapple,Salsa,
Traditional Refried Beans,Traditional Refried ,Beans,
French Vanilla Coffee Creamer,French Vanilla,Coffee Creamer,
2% Milk,2%,Milk,
Cherubs Heavenly Salad Tomatoes,Cherubs Heavenly Salad,Tomatoes,
Extra Creamy Dairy Whipped Topping,Extra Creamy Dairy,Whipped Topping,
Cheddar Cheese Condensed Soup,Cheddar Cheese Condensed,Soup,
All Natural Boneless Skinless Chicken Breasts,All Natural Boneless Skinless,Chicken,Breasts
Combination Pizza Rolls,Combination,Pizza,Rolls
Chunky Salsa Medium,Chunky,Salsa,Medium
Salsa Con Queso Medium Dip,,Salsa, Con Queso Medium Dip
Philadelphia Original Cream Cheese,Philadelphia Original,Cream Cheese,
Hampshire 100% Natural Sour Cream,Hampshire 100% Natural,Sour Cream,
Organic Whole Milk,Organic Whole Milk,Milk,
Organic Mini Homestyle Waffles,Organic Mini Homestyle,Waffles,
Naturals Chicken Nuggets,Naturals,Chicken,Nuggets
Unprocessed American Singles Colby-Style Cheese,Unprocessed American Singles Colby-Style,Cheese,
Organic Mesa Sunrise Cereal,Organic Mesa Sunrise,Cereal,
Total Greek Strained Yogurt,Total Greek Strained,Yogurt,
Corn Meal Pizza Crust,Corn Meal,Pizza Crust,
Sriracha Chili Sauce,Sriracha,Chili Sauce,
Organic Broccoli Florets,Organic,Broccoli,Florets
Honeycrisp Apple,Honeycrisp,Apple,
Organic Extra Virgin Olive Oil,Organic Extra Virgin,Olive Oil,
Pinto Beans No Salt Added,Pinto ,Beans, No Salt Added
Red Vine Tomato,Red Vine,Tomato,
Apricots,,Apricots,
Watermelon Chunks,,Watermelon,Chunks
Organic Fat Free Milk,Organic Fat Free,Milk,
Organic Bosc Pear,Organic Bosc Pear,Pear,
Ataulfo Mango,Ataulfo,Mango,
Globe Eggplant,Globe,Eggplant,
Organic Unsalted Butter,Organic Unsalted,Butter,
"Sesame Oil, Pure",,Sesame Oil,Pure
Frozen Broccoli Florets,Frozen,Broccoli,Florets
Organic Maple & Onion Baked Beans,Organic Maple & Onion Baked,Beans,
Cilantro Pesto,,Cilantro,Pesto
Raspberry Preserves,,Raspberry Preserves,
Balsamic Reduction Traditional Balsamic,Balsamic Reduction Traditional,Balsamic,
Sweet Corn On The Cob,Sweet,Corn,On The Cob
Organic Hazelnut Spread,Organic,Hazelnut,Spread
Organic Baby Kale,Organic Baby,Kale,
Low Sodium Bacon,Low Sodium,Bacon,
Asparagus,,Asparagus,
"Basil, Asiago & Pine Nut Pesto Ravioli","Basil, Asiago & Pine Nut Pesto",Ravioli,
Organic Baby Carrots,Organic Baby,Carrots,
Organic Whole White Mushrooms,Organic Whole White,Mushrooms,
Mini Chocolate Chip Waffles,Mini Chocolate Chip,Waffles,
Sweet Red Grape Tomatoes,Sweet Red Grape,Tomatoes,
Danimals Swingin' Strawberry Banana Smoothie,Danimals Swingin' Strawberry Banana,Smoothie,
Red Delicious Apple,Red Delicious,Apple,
Yuba Tofu Skin,Yuba,Tofu,Skin
Organic Firm Tofu,Organic Firm,Tofu,
Frozen Organic Blueberries,Frozen Organic,Blueberries,
Dairy-Free Cheddar Style Wedges,Dairy-Free ,Cheddar,Style Wedges
Butter Top White Bread,Butter Top White,Bread,
Iceberg Lettuce,Iceberg,Lettuce,
Broccoli Florets,,Broccoli,Florets
Large Grade AA Eggs,Large Grade AA,Eggs,
Provolone Slices,,Provolone,Slices
Vine Ripe Tomatoes,Vine Ripe,Tomatoes,
Boneless And Skinless Chicken Breast,Boneless And Skinless,Chicken,Breast
"Deli Fresh Honey Smoked Turkey Breast, 98% Fat Free, Gluten Free",Deli Fresh Honey Smoked,Turkey,"Breast, 98% Fat Free, Gluten Free"
Presliced Everything Bagels,Presliced Everything,Bagels,
Cream Cheese,,Cream Cheese,
Organic Baby Spinach Salad,Organic Baby,spinach,Salad
Red Leaf Lettuce,Red Leaf,Lettuce,
Potato Yukon Gold Organic,,Potato,Yukon Gold Organic
White Corn,White,Corn,
Gluten-Free Supergrain Pasta Organic Corn & Quinoa Blend Penne,Gluten-Free Supergrain Pasta Organic Corn & Quinoa Blend,Penne,
Gluten and Dairy Free Sonoma Veggie Burger,Gluten and Dairy Free Sonoma,Veggie Burger,
Organic Three Grain Tempeh,Organic Three Grain,Tempeh,
Lime,,Lime,
Organic Red Onion,Organic Red,Onion,
Dairy-Free Chive Cream Cheese,Dairy-Free Chive,Cream Cheese,
Healthy Organic Vinaigrette,Healthy Organic,Vinaigrette,
Mint Chocolate Cookie Ice Cream,Mint Chocolate Cookie,Ice Cream,
Half Baked¬Æ Ice Cream,Half Baked,Ice Cream,
Ultra Thin Sliced Provolone Cheese,Ultra Thin Sliced Provolone,Cheese,
Cheese Shredded Mozzarella Reduced Fat 2%,,Cheese, Shredded Mozzarella Reduced Fat 2%
All Whites 100% Egg Whites,All Whites 100%,Egg Whites,
Smok Cured Turkey Bacon,Smok Cured,Turkey Bacon,
Shredded Hash Browns,Shredded,Hash Browns,
Craveables Four Cheese Pizza,Craveables Four Cheese,Pizza,
Macaroni and Cheese,,Macaroni and Cheese,
Natural Muenster Cheese,Natural Muenster,Cheese,
Baby Cut Carrots,Baby Cut,Carrots,
Organic Unsweetened Almond Milk,Organic Unsweetened,Almond Milk,
Red Grapefruit,Red,Grapefruit,
Boneless Skinless Chicken Breasts,Boneless Skinless,Chicken Breasts,
Berry Medley,,Berry,Medley
Low Fat Vanilla Yogurt,Low Fat Vanilla,Yogurt,
Lemon Hummus,Lemon,Hummus,
Roasted Red Pepper Hummus,Roasted Red Pepper,Hummus,
Organic Low Sodium Vegetable Broth,Organic Low Sodium,Vegetable Broth,
Organic Sour Cream,Organic,Sour Cream,
Green Bell Pepper,Green,Bell Pepper,
Organic No Salt Added Diced Tomatoes,Organic No Salt Added Diced,Tomatoes,
No Salt Added Black Beans,No Salt Added Black,Beans,
Firm Tofu,Firm,Tofu,
Organic Eggplant,Organic,Eggplant,
Organic Marinara Pasta Sauce,Organic Marinara,Pasta Sauce,
Organic Bunch Beets,Organic Bunch,Beets,
Feta Cheese Crumbles,Feta,Cheese,Crumbles
Pasta Joy Ready Organic Brown Rice Pasta Penne,,pasta,Joy Ready Organic Brown Rice Pasta Penne
3 lb Clementines,3 lb,Clementines,
Organic Whole Strawberries,Organic Whole,Strawberries,
Organic Mango Chunks,Organic,Mango, Chunks
Teriyaki Veggie Burgers,Teriyaki,Veggie Burgers,
Organic Tomato Cluster,Organic,Tomato, Cluster
Coconut Sugar Pure & Unrefined,Coconut,Sugar, Pure & Unrefined
Almond Meal/Flour,Almond Meal,Flour,
Salted Butter,Salted, Butter,
Organic D'Anjou Pears,Organic D'Anjou, Pears,
Cultured Low Fat Buttermilk,Cultured Low Fat,Buttermilk,
Large Lemon,Large,Lemon,
Organic Strawberry Fruit Spread,Organic Strawberry,Fruit Spread,
Large Greenhouse Tomato,Large Greenhouse,Tomato,
Original Semisoft Cheese,Original Semisoft,Cheese,
Whole Organic Omega 3 Milk,Whole Organic Omega 3,Milk,
Organic Heavy Whipping Cream,Organic Heavy,Whipping Cream,
1% Lowfat Milk,1% Lowfat,Milk,
Organic Whole Milk Strawberry Beet Berry Yogurt Pouch,Organic Whole Milk Strawberry Beet Berry,Yogurt,Pouch
Organic Black Plum,Organic Black , Plum,
Organic Red Delicious Apple,Organic Red Delicious,Apple,
Raspberries,,Raspberries,
Baby Cucumbers,Baby,Cucumbers,
Sinfully Sweet Campari Tomatoes,Sinfully Sweet Campari,Tomatoes,
Mango Chunks,,Mango,Chunks
Organic Unsweetened Soy Milk Beverage,Organic Unsweetened,Soy Milk,Beverage
Organic Yellow Onion,Organic Yellow,Onion,
Seedless Red Grapes,Seedless Red,Grapes,
Heirloom Tomato,Heirloom,Tomato,
Organic Whole Grain Sprouted Quinoa,Organic Whole Grain Sprouted,Quinoa,
"Uncured, No Sugar, Hickory Smoked Bacon","Uncured, No Sugar, Hickory Smoked",Bacon,
Organic Vidalia Onion,Organic Vidalia, Onion,
Organic Lactose Free 1% Lowfat Milk,Organic Lactose Free 1% Lowfat,Milk,
Lactose Free Grade A Low Fat Vanilla Yogurt,Lactose Free Grade A Low Fat Vanilla,Yogurt,
Organic Mixed Vegetables,Organic,Mixed Vegetables,
Cucumber Kirby,,Cucumber,Kirby
"Clementines, Bag",,Clementines,", Bag"
Gluten Free Mushroom Risotto Bowl,Gluten Free Mushroom,Risotto, Bowl
Organic Olive Oil  Spray,Organic,Olive Oil, Spray
Baby Swiss Slices Cheese,Baby Swiss Slices,Cheese,
Gourmet Mochi Ice Cream Vanilla Bonbons,Gourmet Mochi, Ice Cream,Vanilla Bonbons
Original Recipe Rice Pudding,Original Recipe, Rice Pudding,
Bunny-Luv Organic Carrots,Bunny-Luv Organic,Carrots,
Cranberry Almond Chicken Salad,Cranberry Almond,Chicken,Salad
Organic Garnet Sweet Potato (Yam),Organic Garnet,Sweet Potato, (Yam)
Organic Fuji Apple,Organic Fuji,Apple,
Sliced Genoa Salami,Sliced Genoa,Salami,
Organic 1% Low Fat Milk,Organic 1% Low Fat,Milk,
Macaroni & Cheese,,Macaroni & Cheese,
Chocolate Milk 1% Milkfat,Chocolate,Milk,1% Milkfat
Uncured Genoa Salami,Uncured Genoa,Salami,
All Natural Seasoned Waffle Cut Fries,All Natural Seasoned Waffle Cut,Fries,
Unsweetened Vanilla Almond Breeze,Unsweetened Vanilla,Almond,Breeze
Pure Irish Butter,Pure Irish,Butter,
Mozzarella Light Low Moisture Part Skim String Cheese,Mozzarella Light Low Moisture Part Skim String,cheese,
White Cheddar Semisoft Cheese,White Cheddar Semisoft ,cheese,
Lowfat 2% Milkfat Cottage Cheese,Lowfat 2% Milkfat Cottage Cheese,Cottage Cheese,
Black Seedless Grapes,Black Seedless,Grapes,
Cereal,,Cereal,
Breaded Chicken Breast Tenders,Breaded,Chicken,Breast Tenders
Honey Roasted Turkey,Honey Roasted,Turkey,
Clover Honey Bear,Clover,Honey, Bear
French Onion Dip,,French Onion Dip,
Chicken Pot Pie,,Chicken Pot Pie,
Eggo Nutri-Grain Blueberry Waffles,Eggo Nutri-Grain Blueberry,Waffles,
Organic Yams,Organic,Yams,
Flour Tortillas,Flour,Tortillas,
Light Sour Cream,Light,Sour Cream,
Simply 100¬Æ Blueberry Blended Non-Fat Greek Yogurt,Simply 100¬Æ Blueberry Blended Non-Fat Greek,Yogurt,
Simply 100 Strawberry Blended Non-Fat Greek Yogurt,Simply 100 Strawberry Blended Non-Fat Greek,Yogurt,
90 Calories Low Fat Chocolate Chunk Granola Bars,90 Calories Low Fat Chocolate Chunk,Granola Bars,
Reduced Fat Sliced Provolone Cheese,Reduced Fat Sliced Provolone,Cheese,
Deli Select Ultra Thin Honey Ham,Deli Select Ultra Thin Honey,Ham,
Cafe Steamers General Tso's Spicy Chicken,Cafe Steamers General Tso's Spicy,Chicken,
Chicken Marsala,,Chicken, Marsala
100% Whole Wheat Bread,100% Whole Wheat, Bread,
Thick 'N Creamy Macaroni & Cheese,Thick 'N Creamy,Macaroni & Cheese,
Strawberries,,Strawberries,
Organic Blueberries,Organic,Blueberries,
Beef Franks,,Beef Franks,
Golden Pineapple,Golden,Pineapple,
Organic Chicken Bone Broth,Organic Chicken,Bone Broth,
Yo Baby Organic Whole Milk Banana Mango Yogurt,Yo Baby Organic Whole Milk Banana Mango,Yogurt,
"YoKids Squeezers Organic Low-Fat Yogurt, Strawberry",YoKids Squeezers Organic Low-Fat ,Yogurt,Strawberry
Low Sodium Beef Broth,Low Sodium,Beef Broth,
Organic Unrefined Toasted Sesame Oil,Organic Unrefined Toasted,Sesame Oil,
Gluten-Free Chicken Nuggets,Gluten-Free Chicken Nuggets,Chicken Nuggets,
Original Barbeque Sauce,Original,Barbeque Sauce,
"Milk, Vitamin D",,Milk,Vitamin D
Organic Blueberry,Organic,Blueberry,
Bananas,,Bananas,
Original Pure Creamy Almond Milk,Original Pure Creamy,Almond Milk,
Pure Granulated Cane Sugar,Pure Granulated Cane, Sugar,
Mango Yoghurt,Mango,Yoghurt,
Peach Yoghurt,Peach,Yoghurt,
All Natural Gluten Free Probiotic Pineapple Yoghurt,All Natural Gluten Free Probiotic Pineapple,Yoghurt,
Organic Fresh Basil,Organic Fresh,Basil,
Shredded Parmesan,Shredded,Parmesan,
French Vanilla Ice Cream,French Vanilla Ice Cream, Ice Cream,
Artesano Style Bread,Artesano Style,Bread,
Milk Whole,,Milk,Whole
Baby Dynamic Duo Potatoes,Baby Dynamic Duo,Potatoes,
Living Potted Rosemary,Living Potted,Rosemary,
Yellow Straightneck Squash,Yellow Straightneck,Squash,
Acorn Squash,,Acorn Squash,
Apple Cider Vinegar,Apple Cider Vinegar,Vinegar,
Gala Apples,Gala Apples,Apples,
Cinnamon Raisin Granola,Cinnamon Raisin, Granola,
Organic Gala Apples,Organic Gala,Apples,
Sprouted Multi-Grain Bread,Sprouted Multi-Grain,Bread,
Organic Original Tofu Veggie Burger,Organic Original Tofu,Veggie Burger,
Sweet Baguette,Sweet,Baguette,
Organic Grape Tomatoes,Organic Grape,Tomatoes,
Organic Lemon,Organic,Lemon,
Organic Traditional Flour Tortillas,Organic Traditional Flour,Tortillas,
Organic Raw Sharp Cheddar Cheese,Organic Raw Sharp Cheddar,Cheese,
Burrata,,Burrata,
Instant French Vanilla Pudding & Pie Filling,Instant French Vanilla,Pudding, & Pie Filling
Mixed Berries Wildly Nutritious Signature Blends,mixed,Berries,s Wildly Nutritious Signature Blends
Original Whipped Topping,Original,Whipped Topping,
Sliced Peaches,Sliced,Peaches,
Unsalted Butter,Unsalted,Butter,
Semi-Sweet Chocolate Premium Baking Chips,Semi-Sweet,Chocolate, Premium Baking Chips
Total 2% Lowfat Plain Greek Yogurt,Total 2% Lowfat Plain Greek,Yogurt,
Roasted Mushroom Pizza,Roasted Mushroom,Pizza,
Italian Sausage Pizza,Italian Sausage,Pizza,
Organic Cucumber,Organic,Cucumber,
Spaghetti,,Spaghetti,
Large Alfresco Eggs,Large Alfresco,Eggs,
Organic Spinach Bunch,Organic,Spinach,Bunch
Blood Oranges,Blood,Oranges,
Organic 21 Grain Thin Sliced Bread,Organic 21 Grain Thin Sliced,Bread,
Organic Large Green Asparagus,Organic Large Green,Asparagus,
Organic Braeburn Apple,Organic Braeburn,Apple,
Organic Tomato Paste,Organic,Tomato Paste,
Organic Garlic,Organic,Garlic,
Blueberries,,Blueberries,
Buttermilk Biscuits,Buttermilk,Biscuits,
Coconut Almond Creamer Blend,Coconut Almond,Creamer,Blend
Organic Bartlett Pear,Organic Bartlett,Pear,
Organic Large Extra Fancy Fuji Apple,Organic Large Extra Fancy Fuji,Apple,
Authentic French Brioche,Authentic French,Brioche,
Marinara Sauce,,Marinara Sauce,
Organic Original Hommus,Organic Original,Hommus,
Organic Blackberries,Organic,Blackberries,
Organic Australian Style Vanilla Lowfat Yogurt,Organic Australian Style Vanilla Lowfat,Yogurt,
Tomato Sauce,,Tomato Sauce,
Organic Honeydew,Organic,Honeydew,
Organic Green Seedless Grapes,Organic Green Seedless,Grapes,
"Muffins, Mini, Flax, Chocolate Brownie","Muffins, Mini, Flax, Chocolate",Brownie,
Organic Whole Wheat Bread,Organic Whole Wheat,Bread,
Organic Shredded Mild Cheddar,Organic Shredded Mild,Cheddar,
Skim Milk,Skim,Milk,
Organic Diced Tomatoes,Organic Diced,Tomatoes,
Organic Roasted Turkey Breast,Organic Roasted,Turkey,Breast
Organic Spring Mix Salad,Organic Spring Mix,Salad,
Premium Grapefruit Large,Premium,Grapefruit,Large
Dairy Free Unsweetened Coconut Milk,Dairy Free Unsweetened,Coconut Milk,
Original Almondmilk,Original,Almondmilk,
with Crispy Almonds Cereal,with Crispy Almonds,Cereal,
Organic Low Fat Milk,Organic Low Fat,Milk,
Half And Half Cream,,Half & Half,Cream
Non Fat Greek Yogurt,Non Fat Greek,Yogurt,
0% Greek Strained Yogurt,0% Greek Strained,Yogurt,
Tilapia Filet,,Tilapia,Filet
Organic Lactose Free Whole Milk,Organic Lactose Free Whole,Milk,
XL Emerald White Seedless Grapes,XL Emerald White Seedless,Grapes,
Limes,,Limes,
Jalapeno Peppers,Jalapeno,Peppers,
Wild Blend Rice,Wild Blend,Rice,
Reduced-fat Soft Cream Cheese,Reduced-fat Soft,Cream Cheese,
Whole Grain Oatmeal Bread,Whole Grain Oatmeal, Bread,
"Steamfresh Selects Frozen Broccoli, Cauliflower & Carrots","Steamfresh Selects Frozen Broccoli, Cauliflower &",Carrots,
Steamfresh Premium Selects Frozen Whole Green Beans,Steamfresh Premium Selects Frozen Whole,Green Beans,
Boneless Skinless Chicken Breast,Boneless Skinless,Chicken, Breast
Turkey,,Turkey,
Red Bell Pepper,Red,Bell Pepper,
Red Potatoes,Red,Potatoes,
Half And Half Ultra Pasteurized,,Half & Half, Ultra Pasteurized
"Smoothies, Strawberries Wild",,Smoothies,Strawberries Wild
Organic 1% Lowfat Milk,Organic 1% Lowfat,Milk,
Organic 2% Reduced Fat Milk,Organic 2% Reduced Fat,Milk,
Soy Sauce,,Soy Sauce,
All Natural Marinara Pasta Sauce,All Natural Marinara,Pasta Sauce,
Organic Reduced Fat Milk,Organic Reduced Fat,Milk,
Roman Raspberry Sorbetto,Roman Raspberry,Sorbetto,
Plain Greek Yogurt,Plain Greek,Yogurt,
Maple Glazed Honey Ham,Maple Glazed Honey Ham,Ham,
Organic Grade A Large Brown Eggs,Organic Grade A Large Brown Eggs,Eggs,
Cherry Garcia Ice Cream,Cherry Garcia,Ice Cream,
Prosciutto,,Prosciutto,
Gourmet Tomato Medley,Gourmet,Tomato,Medley
Granny Smith Apples,Granny Smith,Apples,
Ginger Dressing,,Ginger Dressing,
Blackberries,,Blackberries,
Chocolate Peanut Butter Cup Gelato,Chocolate Peanut Butter Cup Gelato, Gelato,
Carrot Raisin Flax Muffins,Carrot Raisin Flax Muffins,Muffins,
Hass Avocados,Hass,Avocados,
Organic Romaine Leaf,Organic,Romaine Leaf,
100% Whole Wheat Hot Dog Buns,100% Whole Wheat,Hot Dog Buns,
Organic Quinoa & Brown Rice With Garlic,Organic,Quinoa & Brown Rice With Garlic,
Organic Greek Whole Milk Blended Vanilla Bean Yogurt,Organic Greek Whole Milk Blended Vanilla Bean, Yogurt,
Boneless Chicken Breast,Boneless,Chicken,Breast
Organic Crushed Fire Roasted Tomatoes,Organic Crushed Fire Roasted,Tomatoes,
Fresh Ginger Root,Fresh ,Ginger,Root
Toasted Coconut Almondmilk Blend,Toasted Coconut,Almondmilk, Blend
Forelle Pears,Forelle, Pears,
Original Traditional Dijon Mustard,Original Traditional Dijon,Mustard,
Baby Boomer Fresh Creamer Potatoes,Baby Boomer Fresh Creamer,Potatoes,
Vegan Buttery Sticks,Vegan,Buttery,Sticks
Squeeze Real Mayonnaise,Squeeze Real,Mayonnaise,
Organic  Unsalted  Butter,Organic  Unsalted ,Butter,
Organic Homogenized Whole Milk,Organic Homogenized Whole,Milk,
Olive Bread,Olive,Bread,
Organic Low Sodium Chicken Cooking Stock,Organic Low Sodium,Chicken Cooking Stock,
Original Soy Creamer,Original,Soy Creamer,
Liquid Egg Whites,Liquid,Egg Whites,
Americone Dream¬Æ Ice Cream,Americone Dream,Ice Cream,
Rosemary Ham,Rosemary,Ham,
Organic Mayonnaise,Organic,Mayonnaise,
Organic Sunday Bacon,Organic Sunday,Bacon,
Organic Beefsteak Tomato,Organic Beefsteak,Tomato,
Organic Roma Tomato,Organic Roma,Tomato,
Organic Plain Greek Whole Milk Yogurt,Organic Plain Greek Whole Milk, Yogurt,
Mint Chip,,Mint Chip,
Organic Short Brown Sprouted Rice,Organic Short Brown Sprouted,Rice,
Organic Baby Arugula,Organic Baby,Arugula,
Four Cheese Thin Crust Pizza,Four Cheese Thin Crust,Pizza,
Dark Chocolate Covered Banana,,Dark Chocolate Covered Banana,
Grated Parmesan Cheese,Grated Parmesan,Cheese,
Imported Capote Capers,Imported Capote,Capers,
Roasted Garlic Loaf,Roasted,Garlic Loaf,
Seedless Watermelon,Seedless,Watermelon,
Fresh Sugar Snap Peas,Fresh,Sugar Snap Peas,
Grape Tomatoes,Grape,Tomatoes,
Mini Sweet Peppers,Mini Sweet,Peppers,
Organic Gluten Free Maple Buckwheat Flakes,Organic Gluten Free Maple,Buckwheat Flakes,
Organic Vanilla Soymilk,Organic Vanilla,Soymilk,
Red Peppers,Red,Peppers,
Yellow Bell Pepper,Yellow Bell,Pepper,
Apple Honeycrisp Organic,,Apple, Honeycrisp Organic
Orange Bell Pepper,Orange Bell,Pepper,
Beyond Beef Beefy Crumble,,Beyond Beef, Beefy Crumble
California Sourdough Bread,California Sourdoug,Bread,
"Hummus, Hope, Original Recipe",,Hummus,"Hope, Original Recipe"
Organic Tomato Basil Pasta Sauce,Organic Tomato Basil,Pasta Sauce,
Marinara Pasta Sauce,Marinara,Pasta Sauce,
Organic Extra Large Grade AA Brown Eggs,Organic Extra Large Grade AA Brown,Eggs,
"Veggie Burger, Quarter Pound",,Veggie Burger,Quarter Pound
Fat Free Skim Milk,Fat Free Skim,Milk,
Fresh Mozzarella All-Natural Sliced Cheese,Fresh Mozzarella All-Natural Sliced,Cheese,
Roasted Pine Nut Hummus,Roasted Pine Nut,Hummus,
Whole Milk,Whole, Milk,
Bag of Oranges,Bag of,Oranges,
Organic Yokids Lemonade/Blueberry Variety Pack Yogurt Squeezers Tubes,Organic Yokids Lemonade/Blueberry Variety Pack ,Yogurt,Squeezers Tubes
Sour Cream,,Sour Cream,
Sliced Baby Bella Mushrooms,Sliced Baby Bella,Mushrooms,
Organic Acorn Squash,Organic,Acorn Squash,
Canary Melon,Canary,Melon,
Organic English Cucumber,Organic English,Cucumber,
Organic Kiwi,Organic, Kiwi,
Fancy Whole Artichoke Hearts,Fancy Whole,Artichoke,Hearts
Brussels Sprouts,,Brussels Sprouts,
Reduced Fat Milk 2%,Reduced Fat,Milk,2%
Premium Traditional Homestyle Cream Style Corn,Premium Traditional Homestyle Cream Style ,Corn,
Organic Whole Kernel Sweet Corn No Salt Added,Organic Whole Kernel Sweet,Corn,No Salt Added
Mild Diced Green Chiles,Mild Diced Green,Chiles,
Organic Beef Uncured Hot Dogs,Organic Beef Uncured,Hot Dogs,
Sunrise Crunchy Cinnamon Cereal,Sunrise Crunchy Cinnamon, Cereal,
Organic Vanilla Almond Milk,Organic Vanilla,Almond Milk,
Large Pineapple Chunks,Large,Pineapple,Chunks
Cheese Ravioli,Cheese,Ravioli,
Original BBQ Sauce,Original,BBQ Sauce,
Organic Milk,Organic,Milk,
Ancient Grain Blueberry Hemp Granola,Ancient Grain Blueberry Hemp,Granola,
Bunched Cilantro,Bunched,Cilantro,
Organic Mint,Organic,Mint,
"Tomatoes, Crushed, Organic",,Tomatoes,"Crushed, Organic"
Green Seedless Grapes,Green Seedless,Grapes,
Red Globe Grapes,Red Globe, Grapes,
Mini Marshmallows,Mini,Marshmallows,
Dha Omega 3 Vitamin D Milk,Dha Omega 3 Vitamin D,Milk,
Organic Whole Grain Wheat English Muffins,Organic Whole Grain Wheat,English Muffins,
Lite Salt,Lite,Salt,
Chopped Green Chiles,Chopped Green,Chiles,
Turkey Store Lean Ground Turkey,Turkey Store Lean Ground,Turkey,
Leafy Green Romaine Lettuce,Leafy Green Romaine,Lettuce,
Honey Mustard Dressing Topping & Spread,,Honey Mustard,Dressing Topping & Spread
Half And Half,,Half And Half,
Organic Strawberry Smoothie,Organic Strawberry,Smoothie,
Total 2% All Natural Greek Strained Yogurt with Honey,Total 2% All Natural Greek Strained ,Yogurt, with Honey
Organic Peeled Whole Baby Carrots,Organic Peeled Whole Baby, Carrots,
Garlic Hummus,Garlic,Hummus,
Penne Rigate #41 Pasta,Penne Rigate #41,Pasta,
Smoked Turkey Breast Slices,Smoked,Turkey,Breast Slices
Atlantic Salmon Fillets,Atlantic,Salmon,Fillets
Baby Seedless Cucumbers,Baby Seedless, Cucumbers,
Asparation/Broccolini/Baby Broccoli,Asparation/Broccolini/Baby,Broccoli,
Crescent Rolls,,Crescent Rolls,
Organic Tomato Sauce,Organic,Tomato Sauce,
Organic Whole Peeled Tomatoes,Organic Whole Peeled,Tomatoes,
Organic Celery,Organic, Celery,
Organic Shredded Unsweetened Coconut,Organic,Shredded Unsweetened Coconut,
Lightly Breaded Fish Sticks,Lightly Breaded, Fish Sticks,
Smoked Maple Ham,Smoked Maple,Ham,
Organic Avocados,Organic,Avocados,
Wild Berry Smoothie,Wild Berry,Smoothie,
Organic Jasmine Rice,Organic Jasmine,Rice,
Organic Toaster Pastries Frosted Lotta Chocolotta - 6 CT,Organic,Toaster Pastries, Frosted Lotta Chocolotta - 6 CT
Organic Beef Hot Dogs,Organic Beef,Hot Dogs,
Coconut Aminos Teriyaki Sauce,Coconut Aminos,Teriyaki Sauce,
Organic Yellow Mustard,Organic Yellow,Mustard,
Gluten Free Hamburger Buns,Gluten Free,Hamburger Buns,
Chopped Onions,Chopped,Onions,
Medium Salsa Organica,Medium,Salsa,Organica
Organic Hass Avocado Bag,Organic Hass,Avocado,Bag
Organic Turkey Bacon,Organic Turkey,Bacon,
Taco Seasoning Mix Original,,Taco Seasoning ,Mix Original
Sweetened Corn & Oat Cereal,Sweetened Corn & Oa,Cereal,
Crunchy Taco Shells,Crunchy,Taco Shells,
French Vanilla Creamer,French Vanilla,Creamer,
Pure & Natural Sour Cream,Pure & Natural,Sour Cream,
37% Less Sodium Soy Sauce,37% Less Sodium,Soy Sauce,
Roma Tomato,Roma,Tomato,
Delifresh Combos The Honey Smoked Turkey Breast Honey Ham,Delifresh Combos The Honey Smoked Turkey Breast Honey,Ham,
Frozen Organic Wild Blueberries,Frozen Organic Wild,Blueberries,
Purity Farms Ghee Clarified Butter,Purity Farms Ghee Clarified, Butter,
Wild Sockeye Salmon,Wild Sockeye,Salmon,
Boneless & Skinless Wild Alaskan Sockeye Salmon,Boneless & Skinless Wild Alaskan Sockeye,Salmon,
Organic Whole String Cheese,Organic Whole String,Cheese,
Organic Free Range Large Grade A Brown Eggs,Organic Free Range Large Grade A Brown,Eggs,
Plain Goat Milk Yogurt,Plain Goat Milk,Yogurt,
Hickory Smoked Ham,Hickory Smoked,Ham,
Organic Muenster Cheese,Organic Muenster,Cheese,
Natural Chicken & Maple Breakfast Sausage Patty,Natural Chicken & Maple Breakfast,Sausage, Patty
Chicken & Maple Breakfast Sausage,Chicken & Maple Breakfast,Sausage,
Chocolate Chip Cookie Dough Ice Cream,Chocolate Chip Cookie Dough, Ice Cream,
Organic YoKids Smoothie Strawberry Banana Lowfat Yogurt,Organic YoKids Smoothie Strawberry Banana Lowfat, Yogurt,
Bunny Pasta with Yummy Cheese Macaroni & Cheese,Bunny Pasta with Yummy Cheese,Macaroni & Cheese,
Chicken Apple Sausage Egg White Breakfast Burrito,Chicken Apple Sausage Egg White,Breakfast Burrito,
Icelandic Style Skyr Blueberry Non-fat Yogurt,Icelandic Style Skyr Blueberry Non-fat,Yogurt,
Uncured Slow Cooked Ham,Uncured Slow Cooked,Ham,
Condensed Cream of Mushroom Soup,Condensed Cream of Mushroom,Soup,
No Sugar Added Variety Fruit Bars,No Sugar Added Variety,Fruit Bars,
Bagel Thins Everything,,Bagel, Thins Everything
Hazelnut Spread With Skim Milk & Cocoa,,Hazelnut Spread,With Skim Milk & Cocoa
White Distilled Vinegar,White Distilled,Vinegar,
YoKids Blueberry & Strawberry/Vanilla Yogurt,YoKids Blueberry & Strawberry/Vanilla,Yogurt,
Hearty Style 100% Whole Grain Whole Wheat Bread,Hearty Style 100% Whole Grain Whole Wheat,Bread,
Uncured Beef Hot Dogs,Uncured Beef,Hot Dogs,
Fully Cooked Maple Sausages 10 Count,Fully Cooked Maple,Sausages, 10 Count
Cream Cheese Cream Cheese Spread,,Cream Cheese, Cream Cheese Spread
Tamari Gluten Free Soy Sauce Reduced Sodium,Tamari Gluten Free,Soy Sauce, Reduced Sodium
Mini Cucumbers,Mini,Cucumbers,
Organic Fresh Carrot Chips,Organic Fresh,Carrot Chips,
Flat Fillets of Anchovies,Flat Fillets of,Anchovies,
Organic Whole Wheat Fusilli,Organic Whole Wheat,Fusilli,
Organic Romaine,Organic,Romaine,
Fresh Cauliflower,Fresh,Cauliflower,
Organic Avocados Hass Variety,Organic,Avocados, Hass Variety
Thick & Chunky Salsa,Thick & Chunky,Salsa,
Kale Greens,,Kale,Greens
Brown Rice Pasta Spirals,Brown Rice,Pasta,Spirals
Oven Roasted Turkey,Oven Roasted,Turkey,
Total 0% Raspberry Yogurt,Total 0% Raspberry,Yogurt,
Real Aged Cheddar Macaroni & Cheese,Real Aged Cheddar,Macaroni & Cheese,
Organic AppleApple,Organic,Apple,Apple
Whole Milk With Vitamin D,Whole,Milk,With Vitamin D
Cage Free Large White Eggs,Cage Free Large White,Eggs,
Extra Large Grade A Eggs,Extra Large Grade A,Eggs,
Original Slices Pepperoni,Original Slices,Pepperoni,
Original Breakfast Sausage Links,Original Breakfast,Sausage,links
Hot Italian Sausage,Hot Italian,Sausage,
Chocolate Chip Cookie Dough,Chocolate Chip,Cookie Dough,
Sesame Topped Hamburger Buns,Sesame Topped,Hamburger Buns,
Unsweetened Original Almond Breeze Almond Milk,Unsweetened Original Almond Breeze,Almond Milk,
Chocolate Peanut Butter Ice Cream,Chocolate Peanut Butter,Ice Cream,
Macaroni & Cheese Dinner Original Flavor,,Macaroni & Cheese, Dinner Original Flavor
Rice Sides Chicken Flavor,,Rice,Sides Chicken Flavor
Penne Pasta,,,
Grands Southern Homestyle Biscuit,Penne,Pasta,
Pasta Sides Butter Flavor Fettuccini,,Pasta,Sides Butter Flavor Fettuccini
Rice Sides Chicken Flavor Broccoli,,Rice, Sides Chicken Flavor Broccoli
Organic Seasoned Yukon Select Potatoes Hashed Browns,Organic Seasoned Yukon Select Potatoes,Hashed Browns,
Pasta Sides Chicken Flavor,,Pasta, Sides Chicken Flavor
Signature Recipes Vodka Sauce Pasta Sauce,Signature Recipes Vodka Sauce,Pasta Sauce,
"Pasta Sauce, Original, Traditional",,Pasta Sauce,", Original, Traditional"
Mild Diced Tomatoes & Green Chilies,Mild Diced Tomatoes & Green,Chilies,
Sweet Onions,Sweet,Onions,
Shoestrings French Fried Potatoes,Shoestrings,French Fried, Potatoes
Spicy Brown Mustard,Spicy Brown,Mustard,
Organic Red Chard Greens,Organic Red,Chard,Greens
Creamy Peanut Butter,Creamy,Peanut Butter,
Tomato Ketchup,Tomato,Ketchup,
Thin Sliced American Cheese,Thin Sliced American,Cheese,
"Dressing & Marinade, Toasted Sesame",,Dressing,"& Marinade, Toasted Sesame"
Frozen Organic Strawberries,Frozen Organic,Strawberries,
Mexican Blend Cheese,Mexican Blend,Cheese,
Traditional Hearty Chicken and Rotini Soup,Traditional Hearty Chicken and Rotini,Soup,
Rich & Hearty Chicken & Homestyle Noodles Soup,Rich & Hearty Chicken & Homestyle Noodles,Soup,
Organic Low Sodium Chunky Tomato Bisque Soup,Organic Low Sodium Chunky Tomato Bisque,Soup,
Organic Blend Me Mixed Vegetables,Organic Blend Me,Mixed Vegetables,
Organic Light in Sodium Lentil Vegetable Soup,Organic Light in Sodium Lentil Vegetable,Soup,
Fresh Donuts,Fresh,Donuts,
Oven Roasted Turkey Breast,Oven Roasted,Turkey,Breast
Beef Top Round Steak,Beef Top Round,Steak,
Cotija,,Cotija,
Organic Iceberg Lettuce,Organic Iceberg,Lettuce,
Roasted Turkey,Roasted,Turkey,
Bread Crumbs,,Bread Crumbs,
Organic Nectarine,Organic,Nectarine,
Russet Potato,Russet,Potato,
Total 0% with Honey Nonfat Greek Strained Yogurt,Total 0% with Honey Nonfat Greek Strained,Yogurt,
Homestyle Ranch,Homestyle,Ranch,
Grade A Large White Eggs,Grade A Large White,Eggs,
American Cheese Slices 12 Count,American,Cheese, Slices 12 Count
French Vanilla Sugar Free Liquid Coffee Creamer,French Vanilla Sugar Free Liquid Coffee,Creamer,
Chicken Parmesan,,Chicken, Parmesan
Cheese Pizza Snacks,Cheese,Pizza,Snacks
Asian Salad Kit,Asian,Salad, Kit
Vanilla Soy Milk,Vanilla,Soy Milk,
Original New Orleans Style Dirty Rice Mix,Original New Orleans Style Dirty,Rice,Mix
"Cage Free Brown Eggs-Large, Grade A",Cage Free Brown,Eggs,"Large, Grade A"
Roasted Turkey Breast,Roasted,Turkey,Breast
Unsalted Pure Irish Butter,Unsalted Pure Irish,Butter,
Heavy Whipping Cream,,Heavy Whipping Cream,
Original Hot Sauce,Original,Hot Sauce,
Organic Promise Berry Fruitful Cereal,Organic Promise Berry Fruitful,Cereal,
Otria Spinach Artichoke Greek Yogurt Veggie Dip,Otria Spinach Artichoke Greek Yogurt Veggie,Dip,
Classico Traditional Pizza Sauce,Classico Traditional,Pizza Sauce,
Light Multi-Grain English Muffins,Light Multi-Grain,English Muffins,
6 Cheese Italian Shredded Cheese,6 Cheese Italian Shredded,Cheese,
Rainbow Bell Peppers,Rainbow,Bell Peppers,
Red Seedless Grapes,Red Seedless,Grapes,
Fresh Asparagus,Fresh,Asparagus,
Pizza Dough,,Pizza Dough,
Organic Premium Tomato Paste,Organic Premium,Tomato Paste,
Organic Tomato Sauce No Salt Added,Organic,Tomato Sauce, No Salt Added
Red Onion,Red,Onion,
Shredded Mozzarella,Shredded,Mozzarella,
Pitted Castelvetrano Green Olives,Pitted Castelvetrano Green,Olives,
Spinach,,Spinach,
Organic Mini Peeled Carrots,Organic Mini Peeled,Carrots,
Light Wisconsin String Cheese,Light Wisconsin String,Cheese,
Low Fat Cottage Cheese,Low Fat Cottage Cheese,Cottage Cheese,
Shelled Soybeans Edamame,Shelled Soybeans,Edamame,
Cauliflower Florets,,Cauliflower,Florets
Total 0% Nonfat Plain Greek Yogurt,Total 0% Nonfat Plain Greek,Yogurt,
Asparagus Tips,,Asparagus,Tips
Quick & Easy Fresh Green Beans,Quick & Easy Fresh,Green Beans,
Mini Peppers,Mini,Peppers,
Pure Cane Cubes Sugar,Pure Cane Cubes,Sugar,
Original Style Yoghurt Plain,Original Style,Yoghurt,Plain
Organic Sliced Bella Mushrooms,Organic Sliced Bella,Mushrooms,
Organic Broccoli,Organic,Broccoli,
Blackberry Yogurt,Blackberry,Yogurt,
The Ultimate Beefless Burger,The Ultimate Beefless,Burger,
Lightly Seasoned Chick'n Scallopini,Lightly Seasoned Chick'n,Scallopini,
Apple Cinnamon Instant Oatmeal,Apple Cinnamon Instant,Oatmeal,
Organic Butternut Squash,Organic Butternut,Squash,
Butternut Squash Ravioli,Butternut Squash,Ravioli,
Organic Cut Green Beans,Organic Cut,Green Beans,
Rotini,,Rotini,
Gluten Free Quiche & Pie Crusts,Gluten Free Quiche &,Pie Crusts,
White Horseradish,White,Horseradish,
Broccoli Rabe,,Broccoli,Rabe
Curly Parsley Bunch,Curly,Parsley,Bunch
Organic California Style Sprouted Bread,Organic California Style Sprouted,Bread,
Original Hummus,Original,Hummus,
Organic Small Bunch Celery,Organic Small Bunch,Celery,
Medium Cheddar Cheese Block,Medium Cheddar,Cheese, Block
Organic Bernie's Farm Macaroni & Cheese,Organic Bernie's Farm,Macaroni & Cheese,
Organic Orzo,Organic,Orzo,
Organic Pinto Beans,Organic Pinto,Beans,
Organic Garbanzo Beans No Salt Added,Organic Garbanzo,Beans,No Salt Added
Gluten Free Blueberry Waffles,Gluten Free Blueberry,Waffles,
"The \""World's Best\"" Veggie Burger","The \""World's Best\""",Veggie Burger,
Organic Roasted Sliced Chicken Breast,Organic Roasted Sliced,Chicken,Breast
Whole Milk Plain Yogurt,Whole Milk Plain,Yogurt,
Low Fat Plain Yogurt,Low Fat Plain,Yogurt,
Apple Blueberry Granola,Apple Blueberry,Granola,
Chili With Beans,,Chili,With Beans
Natural Bliss Cinnamon Cream Coffee Creamer,Natural Bliss Cinnamon Cream Coffee,Creamer,
Star Wars Italian Sweet Creme Creamer,Star Wars Italian Sweet Crème, Creamer,
Honey Wheat Bread,Honey Wheat,Bread,
Natural Classic Pork Breakfast Sausage,Natural Classic Pork Breakfast,Sausage,
7 Grain Waffles,7 Grain,Waffles,
Uncured Italian Dry Salami,Uncured Italian Dry,Salami,
Lacinato Kale Og,Lacinato,Kale,Og
Organic Penne Rigate,Organic,Penne,Rigate
Organic White Basmati Rice,Organic White Basmati,Rice,
Organic Dill,Organic,Dill,
85% Lean Ground Beef,85% Lean Ground,Beef,
Pomelo Grapefruit & Aloe Appeal,Pomelo,Grapefruit, & Aloe Appeal
Organic Bunch Arugula,Organic Bunch,Arugula,
Hommus Artichoke Kalamata,,Hommus,Artichoke Kalamata
Three Cheese Pizza Shell,Three Cheese,Pizza,Shell
Wild Skipjack Light Tuna,Wild Skipjack Light,Tuna,
Unsweetened Cashew Milk,Unsweetened,Cashew Milk,
Radish,,Radish,
Nonfat Icelandic Style Strawberry Yogurt,Nonfat Icelandic Style Strawberry,Yogurt,
Garlic,,Garlic,
Unsweetened Coconut Milk Beverage,Unsweetened,Coconut Milk,Beverage
Organic Italian Parsley Bunch,Organic Italian,Parsley,Bunch
Organic Zucchini,Organic,Zucchini,
Yellow Potato,Yellow,Potato,
Organic Kale,Organic,Kale,
I Heart Baby Kale,I Heart Baby Kale,Kale,
Organic Saffron,Organic,Saffron,
Organic Garbanzo Beans,Organic Garbanzo,Beans,
High Heat Canola Spray Oil,High Heat Canola Spray,Oil,
Pita Bread,Pita,Bread,
Sprouted Grain Low Sodium Bread,Sprouted Grain Low Sodium,Bread,
Ezekiel 4:9 Sprouted Whole Grain Cereal Almond,Ezekiel 4:9 Sprouted Whole Grain,Cereal,Almond
Peanut Butter Creamy With Salt,,Peanut Butter,Creamy With Salt
Premium Organic Strawberry Spread,Premium Organic,Strawberry Spread,
Unsweetened Vanilla Almond Milk,Unsweetened Vanilla,Almond Milk,
Seitan wheat Strips,,Seitan,wheat Strips
Chorizo Seitan,Chorizo,Seitan,
Vegan Chao Creamy Original Cheese Slices,Vegan Chao Creamy Original,Cheese,Slices
Original Enriched Rice Drink,Original Enriched, Rice Drink,
Vitamin D Organic Whole Milk,Vitamin D Organic Whole,Milk,
All Natural Marinara Sauce,All Natural, Marinara Sauce,
Eggo Homestyle Waffles,Eggo Homestyle,Waffles,
Extra Sharp Cheddar Cheese,Extra Sharp Cheddar,Cheese,
Total 2% All Natural Plain Greek Yogurt,Total 2% All Natural Plain Greek,Yogurt,
Plain Mini Bagels,Plain Mini,Bagels,
Organic Sweet Peas,Organic Sweet,Peas,
Mini Seedless Cucumbers,Mini Seedless,Cucumbers,
Vanilla Milk Chocolate Almond Ice Cream Bars,Vanilla Milk Chocolate Almond,Ice Cream,Bars
Roasted Sesame Seaweed Snacks,Roasted Sesame,Seaweed Snacks,
Vanilla Milk Chocolate Ice Cream Bars,Vanilla Milk Chocolate,Ice Cream,Bars
Organic Half Baby Spinach & Half Baby Arugula,Organic Half Baby Spinach & Half Baby,Arugula,
Kosher Dill Halves Pickles,Kosher Dill Halves,Pickles,
Organic Grade A Free Range Large Brown Eggs,Organic Grade A Free Range Large Brown,Eggs,
Organic Cream Cheese Bar,Organic,Cream Cheese,Bar
Organic Cinnamon Apple Sauce,Organic Cinnamon,Apple Sauce,
Baby Back Pork Ribs,Baby Back,Pork,Ribs
Organic Frozen Peas,Organic Frozen,Peas,
Organic Russet Potato,Organic Russet,Potato,
Grated Parmesan,Grated,Parmesan,
Vegetable Classics Minestrone Soup,Vegetable Classics Minestrone,Soup,
Frozen Organic Peach Slices,Frozen Organic,Peach,Slices
Black Beans,Black,Beans,
Organic Large Grade AA Brown Eggs,Organic Large Grade AA Brown,Eggs,
Chocolate Chip Granola,Chocolate Chip,Granola,
Crunchy Oats 'n Honey Granola,Crunchy Oats 'n Honey,Granola,
Lactose Free 2% Milk,Lactose Free 2%,Milk,
Whole Vitamin D Milk,Whole Vitamin D, Milk,
Fat Free Milk,Fat Free,Milk,
Extra Sharp Cheddar Cheese Block,Extra Sharp Cheddar,Cheese,Block
Red Hot Original Cayenne Pepper Sauce,Red Hot Original,Cayenne Pepper Sauce,
Golden Sweet Potato,Golden,Sweet Potato,
Organic Honey,Organic,Honey,
"Super Spinach! Baby Spinach, Baby Bok Choy, Sweet Baby Kale","Super Spinach! Baby Spinach, Baby Bok Choy, Sweet Baby",Kale,
Broccoli Florets Steamers,,Broccoli,Florets Steamers
Sharp Cheddar Cheese Shredded,Sharp Cheddar,Cheese, Shredded
Spreadable Butter with Canola Oil,Spreadable Butter with,Canola Oil,
Salted Sweet Cream Butter,Salted Sweet Cream,Butter,
Classic Wheat Bread,Classic Wheat,Bread,
Deli Fresh Shaved Smoked Turkey Breast,Deli Fresh Shaved Smoked,Turkey,Breast
"Deli Fresh Honey Ham, 97% Fat Free, Gluten Free",Deli Fresh Honey,Ham,"97% Fat Free, Gluten Free"
Simple Favorites Lasagna with Meat Sauce,Simple Favorites,Lasagna,with Meat Sauce
Swedish Meatballs,Swedish,Meatballs,
Spaghetti with Meatballs,,Spaghetti,with Meatballs
Organic Large Grade A Brown Eggs,Organic Large Grade A Brown,Eggs,
Vanilla Skyr Nonfat Yogurt,Vanilla Skyr Nonfat,Yogurt,
Broccoli Crown,,Broccoli,Crown
Tuna Salad,,Tuna,Salad
Gluten Free 7 Grain Bread,Gluten Free 7 Grain,Bread,
Organic Gluten Free & Wheat Free Pumpkin Spice Waffles,Organic Gluten Free & Wheat Free Pumpkin Spice,Waffles,
Shredded Mexican Blend Cheese,Shredded Mexican Blend,Cheese,
Apples,,Apples,
Cinnamon Brown Sugar Breakfast Biscuits,Cinnamon Brown Sugar Breakfast,Biscuits,
Oranges,,Oranges,
Organic Skim Milk,Organic Skim,Milk,
Sesame Seed,,Sesame Seed,
Light Brown Sugar,Light Brown,Sugar,
Organic Cinnamon Crunch Cereal,Organic Cinnamon Crunch,Cereal,
Crunchy Peanut Butter,Crunchy,Peanut Butter,
Organic Red Lentils,Organic Red,lentils,
Organic Coconut Milk,Organic Coconut,Milk,
Goat Milk,Goat,Milk,
Sweet Onion,Sweet,Onion,
Organic Yukon Select Fries,Organic Yukon Select,Fries,
"Avocado Oil, Refined",Avocado,Oil,Refined
Garlic Alfredo Sauce,Garlic,Alfredo Sauce,
Classic Hummus,Classic,Hummus,
Organic Raisin Bran Cereal,Organic Raisin Bran,Cereal,
Peaches,,Peaches,
Granulated Sugar,Granulated,Sugar,
Canola Oil,,Canola Oil,
Organic Sweet Cherries,Organic Sweet,Cherries,
Dried Mango,Dried,Mango,
Mango Peach Salsa,Mango Peach,Salsa,
Pure Clover Honey,Pure Clover,Honey,
Butter 2.0 Featuring Virgin Coconut Oil,Butter 2.0 Featuring Virgin Coconut,Oil,
Organic Smoked Turkey Breast,Organic Smoked,Turkey,Breast
White Cheddar Macaroni & Cheese Cups,White Cheddar,Macaroni & Cheese, Cups
Organic Red Bell Pepper,Organic Red,Bell Pepper,
Premium Fish Sauce,Premium,Fish Sauce,
Premium Pure Cane Granulated Sugar,Premium Pure Cane Granulated,Sugar,
Classic White Bread,Classic White,Bread,
Mild Salsa,Mild,Salsa,
Organic Free Range Chicken Broth,Organic Free Range,Chicken Broth,
Shelled Edamame,Shelled,Edamame,
Organic Basil,Organic,Basil,
Organic Traditional Plain Kefir,Organic Traditional Plain,Kefir,
Plain Cultured Goat Milk Kefir,Plain Cultured Goat Milk,Kefir,
Mild Cheddar Cheese Sticks,Mild Cheddar,Cheese,sticks
Pomegranate,,Pomegranate,
"Yogurt, Nonfat, Organic, Plain",,Yogurt,"Nonfat, Organic, Plain"
Chocolate Malt,Chocolate ,Malt,
Dulce de Leche Caramel Ice Cream,Dulce de Leche Caramel,Ice Cream,
Vanilla Ice Cream,Vanilla,Ice Cream,
Caramel Cone Ice Cream,Caramel Cone,Ice Cream,
Rum Raisin Ice Cream,Rum Raisin,Ice Cream,
Coffee Ice Cream,Coffee,Ice Cream,
Dairy Free Cultured Plain Coconut Milk,Dairy Free Cultured Plain,Coconut Milk,
Wheat Hot Dog Rolls,Wheat,Hot Dog Rolls,
Dairy Free Mozarella Style Shreds,Dairy Free,Mozarella,style Shreds
Basil,,Basil,
Sharp Cheddar Cheese,Sharp Cheddar,Cheese,
Organic Granny Smith Apple,Organic Granny Smith,Apple,
"Whole Grain Organic Waffles, Totally Original",Whole Grain Organic,Waffles,totally Original
Original Puffins Cereal,Original Puffins,Cereal,
Fresh Whole Milk Ricotta,Fresh Whole Milk,Ricotta,
Organic Soft Wheat Bread,Organic Soft Wheat,Bread,
Romaine Hearts,,Romaine,Hearts
Traditional Favorites Italian Sausage with Peppers & Onions Pasta Sauce,Traditional Favorites Italian Sausage with Peppers & Onions,Pasta Sauce,
Organic Lacinato (Dinosaur) Kale,Organic Lacinato (Dinosaur),Kale,
"Pizza, Rice Crust, Cheese","Pizza, Rice Crust",Cheese,
Salad Hearts of Romaine,Salad Hearts of,Romaine,
Creamy Caesar Dressing,,Creamy Caesar Dressing,
Shredded Parmesan Cheese,Shredded,Parmesan, Cheese
Gourmet Cut Caesar Croutons,Gourmet Cut Caesar ,Croutons,
Mashed Potatoes Garlic ID 525 Refrigerated Sides,,Mashed Potatoes,Garlic ID 525 Refrigerated Sides
Organic Green Cabbage,Organic Green,Cabbage,
Condensed Golden Mushroom Soup,Condensed Golden Mushroom,Soup,
Lunchables Uploaded Deep Dish Pizza with Pepperoni,Lunchables Uploaded Deep Dish,Pizza,with Pepperoni
Garlic Herb Goat Cheese Log,Garlic Herb Goat,Cheese,Log
Non-Dairy Organic Chocolate Hazelnut Fudge Frozen Dessert,Non-Dairy Organic Chocolate Hazelnut Fudge,Frozen Dessert,
SweetLeaf Natural Stevia Sweetener Packets,SweetLeaf Natural Stevia Sweetener Packets,Stevia,Sweetener Packets
Organic Gluten Free Pancake & Baking Mix,Organic Gluten Free,pancake & Baking Mix,
Brown Eggs,Brown,Eggs,
Organic Ketchup,Organic,Ketchup,
Organic Salted Butter,Organic Salted,Butter,
Organic Low Fat Vegetable Barley Soup,Organic Low Fat Vegetable Barley,Soup,
Sprouted Whole Wheat Bread,Sprouted Whole Wheat,Bread,
Organic Old Fashioned Rolled Oats,Organic Old Fashioned Rolled,Oats,
Island Vanilla Cereal,Island Vanilla,Cereal,
Fresh Fussilli,Fresh,Fussilli,
Lite Swiss Cheese Deli Fresh Slices,Lite Swiss,Cheese,Deli Fresh Slices
Apples & Mangoes Fruit Bars,Apples & Mangoes,Fruit Bars,
Cacao Sweet Raw Chocolate Nibs,Cacao Sweet Raw,Chocolate,Nibs
Organic Acai Berry Smoothie Packs,Organic Acai Berry,Smoothie,Packs
Asparagus Spears,,Asparagus,spears
Red Raspberries,Red,Raspberries,
Green Peas,Green,Peas,
Sweet Potato Fries with Sea Salt,,Sweet Potato Fries, with Sea Salt
Shoestring Fries,Shoestring,Fries,
Romaine Lettuce,Romaine ,Lettuce,
Boniato Sweet Potato,Boniato,Sweet Potato,
Sourdough Bread,Sourdough,Bread,
Bok Choy,,Bok Choy,
Organic Cripps Pink Apples,Organic Cripps Pink,Apples,
Dairy Free Unsweetened Vanilla Coconut Milk,Dairy Free Unsweetened Vanilla,Coconut Milk,
Organic Yellow Peaches,Organic Yellow,Peaches,
Organic Mixed Baby Kale Salad,Organic Mixed Baby,Kale,Salad
Apricot,,Apricot,
Fresh Whole White Mushrooms,Fresh Whole White,Mushrooms,
Chunky Peanut Butter,Chunky,Peanut Butter,
Pico De Gallo Chunky Salsa,Pico De Gallo Chunky,Salsa,
Organic Flour Tortillas,Organic Flour,Tortillas,
Shredded Mild Cheddar Cheese,Shredded Mild Cheddar,Cheese,
Organic Red Kale,Organic Red,Kale,
Turmeric Root,,Turmeric Root,
"Organic Daikon Root, Bunch",Organic,Daikon Root,Bunch
Organic Alfalfa Sprouts,Organic,Alfalfa Sprouts,
Double Concentrated Tomato Paste in Tube,Double Concentrated,Tomato Paste,in Tube
Semi-Sweet Mini Chocolate Chips,Semi-Sweet Mini,Chocolate Chips,
Large Grapefruit,Large,Grapefruit,
Organic Unsweetened Vanilla Almond Milk,Organic Unsweetened Vanilla,Almond Milk,
Simply Stock Organic Vegetable Unsalted Stock,Simply Stock Organic Vegetable Unsalted,Stock,
Yoghurt Blueberry,,Yoghurt,Blueberry
Lemon Yogurt,Lemon,Yogurt,
Honey Yoghurt,Honey,Yoghurt,
Coconut Yoghurt,Coconut,Yoghurt,
Raspberry on the Bottom Non-Fat Greek Yogurt,Raspberry on the Bottom Non-Fat Greek,Yogurt,
Pure Baking Soda,Pure,Baking Soda,
Peppermint Mocha Liquid Coffee Creamer,Peppermint Mocha Liquid Coffee,Creamer,
Angel Food White Cake Mix,Angel Food White,Cake Mix,
"Salad, Cobb",,Salad,Cobb
Organic Leek,Organic,Leek,
Organic Thyme,Organic,Thyme,
Pastry Kitchens Classic Puff Pastry,Pastry Kitchens Classic,Puff Pastry,
Strawberry Organic Kefir,Strawberry Organic,Kefir,
Goo Berry Pie Probugs Kefir,Goo Berry Pie Probugs,Kefir,
Cream Cheese Spread,,Cream Cheese,Spread
Organic Sticks Low Moisture Part Skim Mozzarella String Cheese,Organic Sticks Low Moisture Part Skim Mozzarella String,Cheese,
Vanilla Light & Fit Greek Yogurt,Vanilla Light & Fit Greek,Yogurt,
Organic Whole Milk with DHA Omega-3,Organic Whole,Milk,with DHA Omega-3
Shredded Mozzarella Cheese,Shredded Mozzarella,Cheese,
Family Size Naturally Flavored Whole Grain Oats Cereal,Family Size Naturally Flavored Whole Grain Oats,Cereal,
Eggo Blueberry Waffles,Eggo Blueberry,Waffles,
Muscat Grape Jelly,Muscat,Grape Jelly,
Quaker Life Cinnamon Cereal,Quaker Life Cinnamon,Cereal,
Organic Edamame,Organic,Edamame,
Italian Dry Salame,Italian Dry,Salame,
Multi Grain Sandwich Thins,Multi Grain,Sandwich Thins,
Parsnip,,Parsnip,
Fancy Eggplant,Fancy,Eggplant,
Organic Baby Broccoli,Organic Baby,Broccoli,
Organic Extra Large Brown Eggs,Organic Extra Large Brown,Eggs,
Organic Lite Coconut Milk,Organic Lite,Coconut Milk,
Reduced Fat Milk 100% Lactose Free,Reduced Fat,Milk,100% Lactose Free
Spinach Souffle,,Spinach Souffle,
Natural Deli Slices Gouda Cheese,Natural Deli Slices Gouda,Cheese,
Organic Maple Syrup,Organic,Maple Syrup,
Gogo Squeez Organic Apple Strawberry Applesauce on the Go,Gogo Squeez Organic Apple Strawberry,Applesauce, on the Go
Organic Low Fat Plain Yogurt,Organic Low Fat Plain,Yogurt,
Organic Mango,Organic,Mango,
Organic Navel Orange,Organic Navel, Orange,
European-Style Cultured Butter,European-Style Cultured,Butter,
Organic Distilled White Vinegar,Organic Distilled White,Vinegar,
Organic Greek Plain Lowfat Yogurt,Organic Greek Plain Lowfat,Yogurt,
Organic Cheddar Crazy Bugs Macaroni & Cheese Dinner,Organic Cheddar Crazy Bugs,Macaroni & Cheese,Dinner
Lactose Free Sour Cream,Lactose Free,Sour Cream,
"Tuna Ventresca, in Olive Oil","Tuna Ventresca, in",Olive Oil,
Sun Dried Tomato Pesto,Sun Dried,Tomato Pesto,
Organic Brown Rice,Organic Brown,Rice,
YoKids Strawberry Banana/Strawberry Yogurt,YoKids Strawberry Banana/Strawberry,Yogurt,
European Cucumber,European,Cucumber,
Organic Balance Milk Protein Shake Dark Chocolate,Organic Balance,Milk Protein,Shake Dark Chocolate
Organic Snipped Green Beans,Organic Snipped,Green Beans,
Organic YoBaby Vanilla Yogurt,Organic YoBaby Vanilla,Yogurt,
Sweet Italian Chicken Sausage,Sweet Italian Chicken,Sausage,
White Cooking Wine,White,Cooking Wine,
Crushed Tomatoes,Crushed ,Tomatoes,
Heavy Cream,,Heavy Cream,
Total 2% Lowfat Greek Yogurt with Honey,Total 2% Lowfat Greek,Yogurt,with Honey
Quick-Rise Yeast for Bread Machines,Quick-Rise,Yeast,for Bread Machines
Dry Rubbed Thick Sliced Pork Bacon,Dry Rubbed Thick Sliced Pork,Bacon,
"Cake Mix, Yellow",,Cake Mix,Yellow
Organic Homestyle Waffles,Organic Homestyle,Waffles,
Strawberry Fig Bars,Strawberry,Fig Bars,
Organic Kale Greens,Organic,Kale,Greens
English Seedless Cucumber,English Seedless,Cucumber,
"Sushi Nori, Pacific, Organic",,Sushi,"Nori, Pacific, Organic"
Organic Low Sodium Chicken Broth,Organic Low Sodium,Chicken Broth,
Unsweetened Almond Milk,Unsweetened,Almond Milk,
Gluten Free Old Fashioned Rolled Oats,Gluten Free Old Fashioned Rolled, Oats,
Organic Extra Firm Tofu,Organic Extra Firm,Tofu,
Creamy Almond Butter,Creamy,Almond Butter,
Organic Short Grain Brown Rice,Organic Short Grain Brown,Rice,
Medium Navel Orange,Medium Navel,Orange,
Total 0% Greek Yogurt,Total 0% Greek,Yogurt,
Pumpkin Fig Ancient Grain Granola,Pumpkin Fig Ancient Grain,Granola,
Organic Creamy Tomato Soup,Organic Creamy Tomato,Soup,
Steel Cut Irish Oatmeal,Steel Cut Irish,Oatmeal,
Light Mayonnaise,Light,Mayonnaise,
Bag of Large Lemons,Bag of Large,Lemons,
Organic Small Curd Cottage Cheese,Organic Small Curd,Cottage Cheese,
Chicken Tenders,,Chicken Tenders,
Hot Mexican-Style Chili Powder,Hot Mexican-Style,Chili Powder,
Natural Medium Cheddar Cheese,Natural Medium Cheddar,Cheese,
Porcini & Truffle Ravioli In Egg Pasta,Porcini & Truffle Ravioli In Egg,Pasta,
Organic Reduced Fat 2% Milk,Organic Reduced Fat 2%,Milk,
2% Reduced Fat Organic Milk,2% Reduced Fat Organic,Milk,
Whole Grains Health Nut Bread,Whole Grains Health Nut,Bread,
Bartlett Pears,Bartlett,Pears,
Fresh & Fruity Arbequina Extra Virgin Olive Oil,Fresh & Fruity Arbequina Extra Virgin,Olive Oil,
Country White Bread,Country White,Bread,
Vegetable Oil,Vegetable,Oil,
Feta Crumbled Traditional Cheese,Feta Crumbled Traditional,Cheese,
Jasmine Ready Rice,Jasmine Ready,Rice,
Iodized Salt & Pepper,Iodized Salt & Pepper,Salt,& Pepper
Masa Harina Golden Corn Flour,Masa Harina Golden Corn,Flour,
Spanish Style Yellow Rice,Spanish Style Yellow,Rice,
Red Mango,Red,Mango,
Grape-Nuts Cereal,Grape-Nuts,Cereal,
Turkey Pepperoni Slices,Turkey,Pepperoni,Slices
Premium Sweet Petites Carrots,Premium Sweet Petites,Carrots,
Original Rice Pilaf Mix,Original,Rice Pilaf, Mix
Iodized Salt,Iodized,Salt,
Corn Maize Tortillas,Corn Maize,Tortillas,
Chocolate Ice Cream,Chocolate,Ice Cream,
Genuine Brewed Rice Vinegar,Genuine Brewed Rice,Vinegar,
Pork Chorizo,,Pork Chorizo,
Organic Air Chilled Whole Chicken,Organic Air Chilled Whole,Chicken,
Organic Banana,Organic,Banana,
Grass Fed Ground Beef,Grass Fed Ground,Beef,
"Fancy Lump White, Crab Meat",Fancy Lump White,Crab Meat,
Claw Crab Meat,Claw,Crab Meat,
Yukon Gold Potatoes 5lb Bag,Yukon Gold,Potatoes,5lb Bag
Honeycrisp Apples,Honeycrisp,Apples,
Organic Multigrain Bread,Organic Multigrain,Bread,
Key Limes,Key,Limes,
Frozen Peaches,Frozen,Peaches,
Whole Strawberries,Whole,Strawberries,
Cara Cara Navel Orange,Cara Cara Navel,Orange,
"Tortillas, Corn, Organic",,Tortillas,"Corn, Organic"
Organic Cream Of Chicken Condensed Soup,Organic Cream Of Chicken Condensed,Soup,